category,image_path,image_title,image_url
unknown,,Kamran Abdullayev (@thekamranzadeh) | Unsplash Photo Community,https://images.unsplash.com/opengraph/1x1.png?mark=https%3A%2F%2Fimages.unsplash.com%2Fopengraph%2Flogo.png&mark-w=64&mark-align=top%2Cleft&mark-pad=50&h=630&w=1200&blend-w=1&blend=https%3A%2F%2Fimages.unsplash.com%2Fopengraph%2F1x1.png%3Fh%3D630%26w%3D1200%26txt%3DKamran%2BAbdullayev%26txt-size%3D64%26txt-y%3D400%26fm%3Dpng%26txt-align%3Dcenter%26txt-color%3D%2523fff%26txt-font%3DHelvetica%2BNeue%252CBold%26blend%3Dhttps%253A%252F%252Fimages.unsplash.com%252Fphoto-1641381612269-afde1eac2f96%253Fh%253D630%2526w%253D1200%2526crop%253Dfaces%25252Cedges%2526blend-mode%253Dnormal%2526blend-y%253D190%2526blend%253Dhttps%25253A%25252F%25252Fimages.unsplash.com%25252Fprofile-1671229766238-a3bc0ec675c4%25253Fcrop%25253Dfaces%252526w%25253D160%252526h%25253D160%252526mask%25253Dellipse%252526fm%25253Dpng%252526auto%25253Dformat%252526fit%25253Dcrop%252526q%25253D60%252526ixlib%25253Drb-4.0.3%2526auto%253Dformat%2526fit%253Dcrop%2526q%253D60%2526ixlib%253Drb-4.0.3%26auto%3Dformat%26fit%3Dcrop%26q%3D60&auto=format&fit=crop&q=60
unknown,,Upgrade to Unsplash+ | Unsplash,https://images.unsplash.com/opengraph/1x1.png?mark=https%3A%2F%2Fimages.unsplash.com%2Fopengraph%2Flogo.png&mark-w=64&mark-align=top%2Cleft&mark-pad=50&h=630&w=1200&blend=https%3A%2F%2Funsplash-assets.imgix.net%2Funsplashplus%2Fopen-graph-image.jpg%3Fh%3D630%26w%3D1200%26txt%3DDiscover%2BUnsplash%252B%26txt-size%3D92%26txt-align%3Dmiddle%252Ccenter%26txt-color%3D%2523fff%26txt-font%3DHelvetica%2BNeue%252CBold%26auto%3Dformat%26fit%3Dcrop%26q%3D60&auto=format&fit=crop&q=60
mountains-and-yellow-flowers-under-an-overcast-sky-vAw1WqKIO0o,,Photo by Agata Ciosek on Unsplash,https://images.unsplash.com/photo-1742426426875-4c16b5f4e95e?mark=https%3A%2F%2Fimages.unsplash.com%2Fopengraph%2Flogo.png&mark-w=64&mark-align=top%2Cleft&mark-pad=50&h=630&w=1200&crop=faces%2Cedges&blend-w=1&blend=000000&blend-mode=normal&blend-alpha=10&auto=format&fit=crop&q=60&ixid=M3wxMjA3fDB8MXxhbGx8fHx8fHx8fHwxNzQyODE5MTE1fA&ixlib=rb-4.0.3
mountains-rise-above-a-sea-of-clouds-o08um_5cowU,,Photo by Luke Thornton on Unsplash,https://images.unsplash.com/photo-1742387436246-a7288481be39?mark=https%3A%2F%2Fimages.unsplash.com%2Fopengraph%2Flogo.png&mark-w=64&mark-align=top%2Cleft&mark-pad=50&h=630&w=1200&crop=faces%2Cedges&blend-w=1&blend=000000&blend-mode=normal&blend-alpha=10&auto=format&fit=crop&q=60&ixid=M3wxMjA3fDB8MXxhbGx8fHx8fHx8fHwxNzQyODIyOTg3fA&ixlib=rb-4.0.3
a-bunch-of-purple-flowers-that-are-in-the-grass-sOtbWXGya9I,,Photo by Joshua Earle on Unsplash,https://plus.unsplash.com/premium_photo-1719930219273-db33c6d5f320?mark=https%3A%2F%2Fimages.unsplash.com%2Fopengraph%2Flogo.png&mark-w=64&mark-align=top%2Cleft&mark-pad=50&h=630&w=1200&crop=faces%2Cedges&blend-w=1&blend=000000&blend-mode=normal&blend-alpha=10&auto=format&fit=crop&q=60&ixid=M3wxMjA3fDB8MXxhbGx8fHx8fHx8fHwxNzQyODIyOTg3fA&ixlib=rb-4.0.3
unknown,,Joshua Earle (@joshuaearle) | Unsplash Photo Community,https://images.unsplash.com/opengraph/1x1.png?mark=https%3A%2F%2Fimages.unsplash.com%2Fopengraph%2Flogo.png&mark-w=64&mark-align=top%2Cleft&mark-pad=50&h=630&w=1200&blend-w=1&blend=https%3A%2F%2Fimages.unsplash.com%2Fopengraph%2F1x1.png%3Fh%3D630%26w%3D1200%26txt%3DJoshua%2BEarle%26txt-size%3D64%26txt-y%3D400%26fm%3Dpng%26txt-align%3Dcenter%26txt-color%3D%2523fff%26txt-font%3DHelvetica%2BNeue%252CBold%26blend%3Dhttps%253A%252F%252Fimages.unsplash.com%252Fphoto-1478001517127-fccc92f54906%253Fh%253D630%2526w%253D1200%2526crop%253Dfaces%25252Cedges%2526blend-mode%253Dnormal%2526blend-y%253D190%2526blend%253Dhttps%25253A%25252F%25252Fimages.unsplash.com%25252Fprofile-1706811618759-2971389ba999image%25253Fcrop%25253Dfaces%252526w%25253D160%252526h%25253D160%252526mask%25253Dellipse%252526fm%25253Dpng%252526auto%25253Dformat%252526fit%25253Dcrop%252526q%25253D60%252526ixlib%25253Drb-4.0.3%2526auto%253Dformat%2526fit%253Dcrop%2526q%253D60%2526ixlib%253Drb-4.0.3%26auto%3Dformat%26fit%3Dcrop%26q%3D60&auto=format&fit=crop&q=60
unknown,,Luke Thornton (@lukethornton) | Unsplash Photo Community,https://images.unsplash.com/opengraph/1x1.png?mark=https%3A%2F%2Fimages.unsplash.com%2Fopengraph%2Flogo.png&mark-w=64&mark-align=top%2Cleft&mark-pad=50&h=630&w=1200&blend-w=1&blend=https%3A%2F%2Fimages.unsplash.com%2Fopengraph%2F1x1.png%3Fh%3D630%26w%3D1200%26txt%3DLuke%2BThornton%26txt-size%3D64%26txt-y%3D400%26fm%3Dpng%26txt-align%3Dcenter%26txt-color%3D%2523fff%26txt-font%3DHelvetica%2BNeue%252CBold%26blend%3Dhttps%253A%252F%252Fimages.unsplash.com%252Fphoto-1663011109441-6948af4a0b80%253Fh%253D630%2526w%253D1200%2526crop%253Dfaces%25252Cedges%2526blend-mode%253Dnormal%2526blend-y%253D190%2526blend%253Dhttps%25253A%25252F%25252Fimages.unsplash.com%25252Fprofile-1683634928315-4d6b3ec4d1fbimage%25253Fcrop%25253Dfaces%252526w%25253D160%252526h%25253D160%252526mask%25253Dellipse%252526fm%25253Dpng%252526auto%25253Dformat%252526fit%25253Dcrop%252526q%25253D60%252526ixlib%25253Drb-4.0.3%2526auto%253Dformat%2526fit%253Dcrop%2526q%253D60%2526ixlib%253Drb-4.0.3%26auto%3Dformat%26fit%3Dcrop%26q%3D60&auto=format&fit=crop&q=60
unknown,,Agata Ciosek (@agataciosek) | Unsplash Photo Community,https://images.unsplash.com/opengraph/1x1.png?mark=https%3A%2F%2Fimages.unsplash.com%2Fopengraph%2Flogo.png&mark-w=64&mark-align=top%2Cleft&mark-pad=50&h=630&w=1200&blend-w=1&blend=https%3A%2F%2Fimages.unsplash.com%2Fopengraph%2F1x1.png%3Fh%3D630%26w%3D1200%26txt%3DAgata%2BCiosek%26txt-size%3D64%26txt-y%3D400%26fm%3Dpng%26txt-align%3Dcenter%26txt-color%3D%2523fff%26txt-font%3DHelvetica%2BNeue%252CBold%26blend%3Dhttps%253A%252F%252Fimages.unsplash.com%252Fphoto-1712148910821-8fe718c418af%253Fh%253D630%2526w%253D1200%2526crop%253Dfaces%25252Cedges%2526blend-mode%253Dnormal%2526blend-y%253D190%2526blend%253Dhttps%25253A%25252F%25252Fimages.unsplash.com%25252Fprofile-1663763094864-7cc189c2cf31image%25253Fcrop%25253Dfaces%252526w%25253D160%252526h%25253D160%252526mask%25253Dellipse%252526fm%25253Dpng%252526auto%25253Dformat%252526fit%25253Dcrop%252526q%25253D60%252526ixlib%25253Drb-4.0.3%2526auto%253Dformat%2526fit%253Dcrop%2526q%253D60%2526ixlib%253Drb-4.0.3%26auto%3Dformat%26fit%3Dcrop%26q%3D60&auto=format&fit=crop&q=60
sunset-illuminates-a-rocky-island-on-the-beach-kUVGZppi3gs,,Photo by Anthony Intraversato on Unsplash,https://images.unsplash.com/photo-1742360171643-a6ab84c507b1?mark=https%3A%2F%2Fimages.unsplash.com%2Fopengraph%2Flogo.png&mark-w=64&mark-align=top%2Cleft&mark-pad=50&h=630&w=1200&crop=faces%2Cedges&blend-w=1&blend=000000&blend-mode=normal&blend-alpha=10&auto=format&fit=crop&q=60&ixid=M3wxMjA3fDB8MXxhbGx8fHx8fHx8fHwxNzQyODIyOTg3fA&ixlib=rb-4.0.3
unknown,,Upgrade to Unsplash+ | Unsplash,https://images.unsplash.com/opengraph/1x1.png?mark=https%3A%2F%2Fimages.unsplash.com%2Fopengraph%2Flogo.png&mark-w=64&mark-align=top%2Cleft&mark-pad=50&h=630&w=1200&blend=https%3A%2F%2Funsplash-assets.imgix.net%2Funsplashplus%2Fopen-graph-image.jpg%3Fh%3D630%26w%3D1200%26txt%3DDiscover%2BUnsplash%252B%26txt-size%3D92%26txt-align%3Dmiddle%252Ccenter%26txt-color%3D%2523fff%26txt-font%3DHelvetica%2BNeue%252CBold%26auto%3Dformat%26fit%3Dcrop%26q%3D60&auto=format&fit=crop&q=60
a-view-of-a-waterfall-from-a-high-point-of-view-Usu9ucVK5ZE,,Photo by Casey Horner on Unsplash,https://plus.unsplash.com/premium_photo-1688429242358-4f820b208894?mark=https%3A%2F%2Fimages.unsplash.com%2Fopengraph%2Flogo.png&mark-w=64&mark-align=top%2Cleft&mark-pad=50&h=630&w=1200&crop=faces%2Cedges&blend-w=1&blend=000000&blend-mode=normal&blend-alpha=10&auto=format&fit=crop&q=60&ixid=M3wxMjA3fDB8MXxhbGx8fHx8fHx8fHwxNzQyODIyMTYwfA&ixlib=rb-4.0.3
a-black-and-white-photo-of-a-bunch-of-flowers-jGKS2zFVrYM,,Photo by Vladyslav Tobolenko on Unsplash,https://images.unsplash.com/photo-1731340319631-2cc2f07d154a?mark=https%3A%2F%2Fimages.unsplash.com%2Fopengraph%2Flogo.png&mark-w=64&mark-align=top%2Cleft&mark-pad=50&h=630&w=1200&crop=faces%2Cedges&blend-w=1&blend=000000&blend-mode=normal&blend-alpha=10&auto=format&fit=crop&q=60&ixid=M3wxMjA3fDB8MXxhbGx8fHx8fHx8fHwxNzQyODE5Njk0fA&ixlib=rb-4.0.3
grayscale-photography-of-withered-tree-OETHwXjfCzQ,,Photo by Annie Spratt on Unsplash,https://images.unsplash.com/photo-1551601499-acbc16ca736c?mark=https%3A%2F%2Fimages.unsplash.com%2Fopengraph%2Flogo.png&mark-w=64&mark-align=top%2Cleft&mark-pad=50&h=630&w=1200&crop=faces%2Cedges&blend-w=1&blend=000000&blend-mode=normal&blend-alpha=10&auto=format&fit=crop&q=60&ixid=M3wxMjA3fDB8MXxhbGx8fHx8fHx8fHwxNzQyODE5MDUzfA&ixlib=rb-4.0.3
unknown,,Anthony Intraversato (@anthonyintraversato) | Unsplash Photo Community,https://images.unsplash.com/opengraph/1x1.png?mark=https%3A%2F%2Fimages.unsplash.com%2Fopengraph%2Flogo.png&mark-w=64&mark-align=top%2Cleft&mark-pad=50&h=630&w=1200&blend-w=1&blend=https%3A%2F%2Fimages.unsplash.com%2Fopengraph%2F1x1.png%3Fh%3D630%26w%3D1200%26txt%3DAnthony%2BIntraversato%26txt-size%3D64%26txt-y%3D400%26fm%3Dpng%26txt-align%3Dcenter%26txt-color%3D%2523fff%26txt-font%3DHelvetica%2BNeue%252CBold%26blend%3Dhttps%253A%252F%252Fimages.unsplash.com%252Fphoto-1494633114655-819eb91fde40%253Fh%253D630%2526w%253D1200%2526crop%253Dfaces%25252Cedges%2526blend-mode%253Dnormal%2526blend-y%253D190%2526blend%253Dhttps%25253A%25252F%25252Fimages.unsplash.com%25252Fprofile-1742071999141-70b2b517b142%25253Fcrop%25253Dfaces%252526w%25253D160%252526h%25253D160%252526mask%25253Dellipse%252526fm%25253Dpng%252526auto%25253Dformat%252526fit%25253Dcrop%252526q%25253D60%252526ixlib%25253Drb-4.0.3%2526auto%253Dformat%2526fit%253Dcrop%2526q%253D60%2526ixlib%253Drb-4.0.3%26auto%3Dformat%26fit%3Dcrop%26q%3D60&auto=format&fit=crop&q=60
snowfield-during-cloudy-sky-Fehuczca-MM,,Photo by Cason Asher on Unsplash,https://images.unsplash.com/photo-1525188772164-51d23f5aa0f8?mark=https%3A%2F%2Fimages.unsplash.com%2Fopengraph%2Flogo.png&mark-w=64&mark-align=top%2Cleft&mark-pad=50&h=630&w=1200&crop=faces%2Cedges&blend-w=1&blend=000000&blend-mode=normal&blend-alpha=10&auto=format&fit=crop&q=60&ixid=M3wxMjA3fDB8MXxhbGx8fHx8fHx8fHwxNzQyODE5NjExfA&ixlib=rb-4.0.3
unknown,,Vladyslav Tobolenko (@tobolenkoph) | Unsplash Photo Community,https://images.unsplash.com/opengraph/1x1.png?mark=https%3A%2F%2Fimages.unsplash.com%2Fopengraph%2Flogo.png&mark-w=64&mark-align=top%2Cleft&mark-pad=50&h=630&w=1200&blend-w=1&blend=https%3A%2F%2Fimages.unsplash.com%2Fopengraph%2F1x1.png%3Fh%3D630%26w%3D1200%26txt%3DVladyslav%2BTobolenko%26txt-size%3D64%26txt-y%3D400%26fm%3Dpng%26txt-align%3Dcenter%26txt-color%3D%2523fff%26txt-font%3DHelvetica%2BNeue%252CBold%26blend%3Dhttps%253A%252F%252Fimages.unsplash.com%252Fphoto-1606446134254-61235a08ccb6%253Fh%253D630%2526w%253D1200%2526crop%253Dfaces%25252Cedges%2526blend-mode%253Dnormal%2526blend-y%253D190%2526blend%253Dhttps%25253A%25252F%25252Fimages.unsplash.com%25252Fprofile-1730194474701-c0851d628512image%25253Fcrop%25253Dfaces%252526w%25253D160%252526h%25253D160%252526mask%25253Dellipse%252526fm%25253Dpng%252526auto%25253Dformat%252526fit%25253Dcrop%252526q%25253D60%252526ixlib%25253Drb-4.0.3%2526auto%253Dformat%2526fit%253Dcrop%2526q%253D60%2526ixlib%253Drb-4.0.3%26auto%3Dformat%26fit%3Dcrop%26q%3D60&auto=format&fit=crop&q=60
unknown,,Upgrade to Unsplash+ | Unsplash,https://images.unsplash.com/opengraph/1x1.png?mark=https%3A%2F%2Fimages.unsplash.com%2Fopengraph%2Flogo.png&mark-w=64&mark-align=top%2Cleft&mark-pad=50&h=630&w=1200&blend=https%3A%2F%2Funsplash-assets.imgix.net%2Funsplashplus%2Fopen-graph-image.jpg%3Fh%3D630%26w%3D1200%26txt%3DDiscover%2BUnsplash%252B%26txt-size%3D92%26txt-align%3Dmiddle%252Ccenter%26txt-color%3D%2523fff%26txt-font%3DHelvetica%2BNeue%252CBold%26auto%3Dformat%26fit%3Dcrop%26q%3D60&auto=format&fit=crop&q=60
a-scenic-view-of-a-mountain-range-with-trees-and-mountains-in-the-background-AcpMp_eOhHU,,Photo by Hans Isaacson on Unsplash,https://plus.unsplash.com/premium_photo-1712685912274-2483dade540f?mark=https%3A%2F%2Fimages.unsplash.com%2Fopengraph%2Flogo.png&mark-w=64&mark-align=top%2Cleft&mark-pad=50&h=630&w=1200&crop=faces%2Cedges&blend-w=1&blend=000000&blend-mode=normal&blend-alpha=10&auto=format&fit=crop&q=60&ixid=M3wxMjA3fDB8MXxhbGx8fHx8fHx8fHwxNzQyODIxNDY3fA&ixlib=rb-4.0.3
unknown,,Casey Horner (@mischievous_penguins) | Unsplash Photo Community,https://images.unsplash.com/opengraph/1x1.png?mark=https%3A%2F%2Fimages.unsplash.com%2Fopengraph%2Flogo.png&mark-w=64&mark-align=top%2Cleft&mark-pad=50&h=630&w=1200&blend-w=1&blend=https%3A%2F%2Fimages.unsplash.com%2Fopengraph%2F1x1.png%3Fh%3D630%26w%3D1200%26txt%3DCasey%2BHorner%26txt-size%3D64%26txt-y%3D400%26fm%3Dpng%26txt-align%3Dcenter%26txt-color%3D%2523fff%26txt-font%3DHelvetica%2BNeue%252CBold%26blend%3Dhttps%253A%252F%252Fimages.unsplash.com%252Fphoto-1513836279014-a89f7a76ae86%253Fh%253D630%2526w%253D1200%2526crop%253Dfaces%25252Cedges%2526blend-mode%253Dnormal%2526blend-y%253D190%2526blend%253Dhttps%25253A%25252F%25252Fimages.unsplash.com%25252Fprofile-1502669002421-a8d274ad2897%25253Fcrop%25253Dfaces%252526w%25253D160%252526h%25253D160%252526mask%25253Dellipse%252526fm%25253Dpng%252526auto%25253Dformat%252526fit%25253Dcrop%252526q%25253D60%252526ixlib%25253Drb-4.0.3%2526auto%253Dformat%2526fit%253Dcrop%2526q%253D60%2526ixlib%253Drb-4.0.3%26auto%3Dformat%26fit%3Dcrop%26q%3D60&auto=format&fit=crop&q=60
unknown,,Cason Asher (@cason) | Unsplash Photo Community,https://images.unsplash.com/opengraph/1x1.png?mark=https%3A%2F%2Fimages.unsplash.com%2Fopengraph%2Flogo.png&mark-w=64&mark-align=top%2Cleft&mark-pad=50&h=630&w=1200&blend-w=1&blend=https%3A%2F%2Fimages.unsplash.com%2Fopengraph%2F1x1.png%3Fh%3D630%26w%3D1200%26txt%3DCason%2BAsher%26txt-size%3D64%26txt-y%3D400%26fm%3Dpng%26txt-align%3Dcenter%26txt-color%3D%2523fff%26txt-font%3DHelvetica%2BNeue%252CBold%26blend%3Dhttps%253A%252F%252Fimages.unsplash.com%252Fphoto-1525188772164-51d23f5aa0f8%253Fh%253D630%2526w%253D1200%2526crop%253Dfaces%25252Cedges%2526blend-mode%253Dnormal%2526blend-y%253D190%2526blend%253Dhttps%25253A%25252F%25252Fimages.unsplash.com%25252Fprofile-1525189434568-d16a6a19fbfd%25253Fcrop%25253Dfaces%252526w%25253D160%252526h%25253D160%252526mask%25253Dellipse%252526fm%25253Dpng%252526auto%25253Dformat%252526fit%25253Dcrop%252526q%25253D60%252526ixlib%25253Drb-4.0.3%2526auto%253Dformat%2526fit%253Dcrop%2526q%253D60%2526ixlib%253Drb-4.0.3%26auto%3Dformat%26fit%3Dcrop%26q%3D60&auto=format&fit=crop&q=60
moons-phases-during-a-lunar-eclipse-are-shown-vV-0aBiNknA,,Photo by Elijah Crouch on Unsplash,https://images.unsplash.com/photo-1741990417513-81d6d95b5bbb?mark=https%3A%2F%2Fimages.unsplash.com%2Fopengraph%2Flogo.png&mark-w=64&mark-align=top%2Cleft&mark-pad=50&h=630&w=1200&crop=faces%2Cedges&blend-w=1&blend=000000&blend-mode=normal&blend-alpha=10&auto=format&fit=crop&q=60&ixid=M3wxMjA3fDB8MXxhbGx8fHx8fHx8fHwxNzQyODIxOTQ1fA&ixlib=rb-4.0.3
unknown,,Hans Isaacson (@hans_isaacson) | Unsplash Photo Community,https://images.unsplash.com/opengraph/1x1.png?mark=https%3A%2F%2Fimages.unsplash.com%2Fopengraph%2Flogo.png&mark-w=64&mark-align=top%2Cleft&mark-pad=50&h=630&w=1200&blend-w=1&blend=https%3A%2F%2Fimages.unsplash.com%2Fopengraph%2F1x1.png%3Fh%3D630%26w%3D1200%26txt%3DHans%2BIsaacson%26txt-size%3D64%26txt-y%3D400%26fm%3Dpng%26txt-align%3Dcenter%26txt-color%3D%2523fff%26txt-font%3DHelvetica%2BNeue%252CBold%26blend%3Dhttps%253A%252F%252Fimages.unsplash.com%252Fphoto-1644613097623-321d7f6dc693%253Fh%253D630%2526w%253D1200%2526crop%253Dfaces%25252Cedges%2526blend-mode%253Dnormal%2526blend-y%253D190%2526blend%253Dhttps%25253A%25252F%25252Fimages.unsplash.com%25252Fprofile-1739553329978-d4f377e40399image%25253Fcrop%25253Dfaces%252526w%25253D160%252526h%25253D160%252526mask%25253Dellipse%252526fm%25253Dpng%252526auto%25253Dformat%252526fit%25253Dcrop%252526q%25253D60%252526ixlib%25253Drb-4.0.3%2526auto%253Dformat%2526fit%253Dcrop%2526q%253D60%2526ixlib%253Drb-4.0.3%26auto%3Dformat%26fit%3Dcrop%26q%3D60&auto=format&fit=crop&q=60
water-flows-vigorously-over-a-dark-surface-C-KCKu1Npgg,,Photo by Vadim Sadovski on Unsplash,https://images.unsplash.com/photo-1742129726461-ea9c742d3860?mark=https%3A%2F%2Fimages.unsplash.com%2Fopengraph%2Flogo.png&mark-w=64&mark-align=top%2Cleft&mark-pad=50&h=630&w=1200&crop=faces%2Cedges&blend-w=1&blend=000000&blend-mode=normal&blend-alpha=10&auto=format&fit=crop&q=60&ixid=M3wxMjA3fDB8MXxhbGx8fHx8fHx8fHwxNzQyODIwODM3fA&ixlib=rb-4.0.3
unknown,,Upgrade to Unsplash+ | Unsplash,https://images.unsplash.com/opengraph/1x1.png?mark=https%3A%2F%2Fimages.unsplash.com%2Fopengraph%2Flogo.png&mark-w=64&mark-align=top%2Cleft&mark-pad=50&h=630&w=1200&blend=https%3A%2F%2Funsplash-assets.imgix.net%2Funsplashplus%2Fopen-graph-image.jpg%3Fh%3D630%26w%3D1200%26txt%3DDiscover%2BUnsplash%252B%26txt-size%3D92%26txt-align%3Dmiddle%252Ccenter%26txt-color%3D%2523fff%26txt-font%3DHelvetica%2BNeue%252CBold%26auto%3Dformat%26fit%3Dcrop%26q%3D60&auto=format&fit=crop&q=60
a-mountain-covered-in-snow-under-a-night-sky-hZUeDN_dG1g,,Photo by Unsplash+ Community on Unsplash,https://plus.unsplash.com/premium_photo-1674086524511-567ad049a61a?mark=https%3A%2F%2Fimages.unsplash.com%2Fopengraph%2Flogo.png&mark-w=64&mark-align=top%2Cleft&mark-pad=50&h=630&w=1200&crop=faces%2Cedges&blend-w=1&blend=000000&blend-mode=normal&blend-alpha=10&auto=format&fit=crop&q=60&ixid=M3wxMjA3fDB8MXxhbGx8fHx8fHx8fHwxNzQyODIxMDg1fA&ixlib=rb-4.0.3
sand-dunes-create-beautiful-textured-landscape-patterns-ZAEahe5wDk0,,Photo by Zach Heiberg on Unsplash,https://images.unsplash.com/photo-1742336960947-d70838aa9614?mark=https%3A%2F%2Fimages.unsplash.com%2Fopengraph%2Flogo.png&mark-w=64&mark-align=top%2Cleft&mark-pad=50&h=630&w=1200&crop=faces%2Cedges&blend-w=1&blend=000000&blend-mode=normal&blend-alpha=10&auto=format&fit=crop&q=60&ixid=M3wxMjA3fDB8MXxhbGx8fHx8fHx8fHwxNzQyODIyOTg4fA&ixlib=rb-4.0.3
sunlight-streams-through-the-trees-onto-a-path-wIpZ1b8tIAQ,,Photo by Ingmar H on Unsplash,https://images.unsplash.com/photo-1742162559631-c91caabb9989?mark=https%3A%2F%2Fimages.unsplash.com%2Fopengraph%2Flogo.png&mark-w=64&mark-align=top%2Cleft&mark-pad=50&h=630&w=1200&crop=faces%2Cedges&blend-w=1&blend=000000&blend-mode=normal&blend-alpha=10&auto=format&fit=crop&q=60&ixid=M3wxMjA3fDB8MXxhbGx8fHx8fHx8fHwxNzQyODIxMjk2fA&ixlib=rb-4.0.3
unknown,,Unsplash+ Community (@plus) | Unsplash Photo Community,https://images.unsplash.com/opengraph/1x1.png?mark=https%3A%2F%2Fimages.unsplash.com%2Fopengraph%2Flogo.png&mark-w=64&mark-align=top%2Cleft&mark-pad=50&h=630&w=1200&blend-w=1&blend=https%3A%2F%2Fimages.unsplash.com%2Fopengraph%2F1x1.png%3Fh%3D630%26w%3D1200%26txt%3DUnsplash%252B%2BCommunity%26txt-size%3D64%26txt-y%3D400%26fm%3Dpng%26txt-align%3Dcenter%26txt-color%3D%2523fff%26txt-font%3DHelvetica%2BNeue%252CBold%26blend%3Dhttps%253A%252F%252Fplus.unsplash.com%252Fpremium_photo-1673028716408-51942fd0b117%253Fh%253D630%2526w%253D1200%2526crop%253Dfaces%25252Cedges%2526blend-mode%253Dnormal%2526blend-y%253D190%2526blend%253Dhttps%25253A%25252F%25252Fimages.unsplash.com%25252Fprofile-1714645669747-429dc31548ccimage%25253Fcrop%25253Dfaces%252526w%25253D160%252526h%25253D160%252526mask%25253Dellipse%252526fm%25253Dpng%252526auto%25253Dformat%252526fit%25253Dcrop%252526q%25253D60%252526ixlib%25253Drb-4.0.3%2526auto%253Dformat%2526fit%253Dcrop%2526q%253D60%2526ixlib%253Drb-4.0.3%26auto%3Dformat%26fit%3Dcrop%26q%3D60&auto=format&fit=crop&q=60
unknown,,Zach Heiberg (@zachheiberg) | Unsplash Photo Community,https://images.unsplash.com/opengraph/1x1.png?mark=https%3A%2F%2Fimages.unsplash.com%2Fopengraph%2Flogo.png&mark-w=64&mark-align=top%2Cleft&mark-pad=50&h=630&w=1200&blend-w=1&blend=https%3A%2F%2Fimages.unsplash.com%2Fopengraph%2F1x1.png%3Fh%3D630%26w%3D1200%26txt%3DZach%2BHeiberg%26txt-size%3D64%26txt-y%3D400%26fm%3Dpng%26txt-align%3Dcenter%26txt-color%3D%2523fff%26txt-font%3DHelvetica%2BNeue%252CBold%26blend%3Dhttps%253A%252F%252Fimages.unsplash.com%252Fphoto-1534024669648-7183524c6fbb%253Fh%253D630%2526w%253D1200%2526crop%253Dfaces%25252Cedges%2526blend-mode%253Dnormal%2526blend-y%253D190%2526blend%253Dhttps%25253A%25252F%25252Fimages.unsplash.com%25252Fprofile-1740932255781-5770afbcadb3image%25253Fcrop%25253Dfaces%252526w%25253D160%252526h%25253D160%252526mask%25253Dellipse%252526fm%25253Dpng%252526auto%25253Dformat%252526fit%25253Dcrop%252526q%25253D60%252526ixlib%25253Drb-4.0.3%2526auto%253Dformat%2526fit%253Dcrop%2526q%253D60%2526ixlib%253Drb-4.0.3%26auto%3Dformat%26fit%3Dcrop%26q%3D60&auto=format&fit=crop&q=60
a-close-up-view-of-a-blue-surface-of-water-CjsbDhLM8Mg,,Photo by Unsplash+ Community on Unsplash,https://plus.unsplash.com/premium_photo-1674500773399-3644ee0c4fb7?mark=https%3A%2F%2Fimages.unsplash.com%2Fopengraph%2Flogo.png&mark-w=64&mark-align=top%2Cleft&mark-pad=50&h=630&w=1200&crop=faces%2Cedges&blend-w=1&blend=000000&blend-mode=normal&blend-alpha=10&auto=format&fit=crop&q=60&ixid=M3wxMjA3fDB8MXxhbGx8fHx8fHx8fHwxNzQyODIyOTg4fA&ixlib=rb-4.0.3
unknown,,Vadim Sadovski (@vadimsadovski) | Unsplash Photo Community,https://images.unsplash.com/opengraph/1x1.png?mark=https%3A%2F%2Fimages.unsplash.com%2Fopengraph%2Flogo.png&mark-w=64&mark-align=top%2Cleft&mark-pad=50&h=630&w=1200&blend-w=1&blend=https%3A%2F%2Fimages.unsplash.com%2Fopengraph%2F1x1.png%3Fh%3D630%26w%3D1200%26txt%3DVadim%2BSadovski%26txt-size%3D64%26txt-y%3D400%26fm%3Dpng%26txt-align%3Dcenter%26txt-color%3D%2523fff%26txt-font%3DHelvetica%2BNeue%252CBold%26blend%3Dhttps%253A%252F%252Fimages.unsplash.com%252Fphoto-1616484155880-70e4fa69c048%253Fh%253D630%2526w%253D1200%2526crop%253Dfaces%25252Cedges%2526blend-mode%253Dnormal%2526blend-y%253D190%2526blend%253Dhttps%25253A%25252F%25252Fimages.unsplash.com%25252Fprofile-1567842240492-5065803f8cf7image%25253Fcrop%25253Dfaces%252526w%25253D160%252526h%25253D160%252526mask%25253Dellipse%252526fm%25253Dpng%252526auto%25253Dformat%252526fit%25253Dcrop%252526q%25253D60%252526ixlib%25253Drb-4.0.3%2526auto%253Dformat%2526fit%253Dcrop%2526q%253D60%2526ixlib%253Drb-4.0.3%26auto%3Dformat%26fit%3Dcrop%26q%3D60&auto=format&fit=crop&q=60
unknown,,Upgrade to Unsplash+ | Unsplash,https://images.unsplash.com/opengraph/1x1.png?mark=https%3A%2F%2Fimages.unsplash.com%2Fopengraph%2Flogo.png&mark-w=64&mark-align=top%2Cleft&mark-pad=50&h=630&w=1200&blend=https%3A%2F%2Funsplash-assets.imgix.net%2Funsplashplus%2Fopen-graph-image.jpg%3Fh%3D630%26w%3D1200%26txt%3DDiscover%2BUnsplash%252B%26txt-size%3D92%26txt-align%3Dmiddle%252Ccenter%26txt-color%3D%2523fff%26txt-font%3DHelvetica%2BNeue%252CBold%26auto%3Dformat%26fit%3Dcrop%26q%3D60&auto=format&fit=crop&q=60
unknown,,Ingmar H (@fujiforest) | Unsplash Photo Community,https://images.unsplash.com/opengraph/1x1.png?mark=https%3A%2F%2Fimages.unsplash.com%2Fopengraph%2Flogo.png&mark-w=64&mark-align=top%2Cleft&mark-pad=50&h=630&w=1200&blend-w=1&blend=https%3A%2F%2Fimages.unsplash.com%2Fopengraph%2F1x1.png%3Fh%3D630%26w%3D1200%26txt%3DIngmar%2BH%26txt-size%3D64%26txt-y%3D400%26fm%3Dpng%26txt-align%3Dcenter%26txt-color%3D%2523fff%26txt-font%3DHelvetica%2BNeue%252CBold%26blend%3Dhttps%253A%252F%252Fimages.unsplash.com%252Fphoto-1695718948137-1f4d1d5ba889%253Fh%253D630%2526w%253D1200%2526crop%253Dfaces%25252Cedges%2526blend-mode%253Dnormal%2526blend-y%253D190%2526blend%253Dhttps%25253A%25252F%25252Fimages.unsplash.com%25252Fprofile-1737896448592-07892e643202image%25253Fcrop%25253Dfaces%252526w%25253D160%252526h%25253D160%252526mask%25253Dellipse%252526fm%25253Dpng%252526auto%25253Dformat%252526fit%25253Dcrop%252526q%25253D60%252526ixlib%25253Drb-4.0.3%2526auto%253Dformat%2526fit%253Dcrop%2526q%253D60%2526ixlib%253Drb-4.0.3%26auto%3Dformat%26fit%3Dcrop%26q%3D60&auto=format&fit=crop&q=60
sunlight-shines-through-the-leaves-of-the-plant-cQdayjPy2UQ,,Photo by Richard Stachmann on Unsplash,https://images.unsplash.com/photo-1742321162269-b68f2d95367a?mark=https%3A%2F%2Fimages.unsplash.com%2Fopengraph%2Flogo.png&mark-w=64&mark-align=top%2Cleft&mark-pad=50&h=630&w=1200&crop=faces%2Cedges&blend-w=1&blend=000000&blend-mode=normal&blend-alpha=10&auto=format&fit=crop&q=60&ixid=M3wxMjA3fDB8MXxhbGx8fHx8fHx8fHwxNzQyODIyOTg4fA&ixlib=rb-4.0.3
unknown,,Upgrade to Unsplash+ | Unsplash,https://images.unsplash.com/opengraph/1x1.png?mark=https%3A%2F%2Fimages.unsplash.com%2Fopengraph%2Flogo.png&mark-w=64&mark-align=top%2Cleft&mark-pad=50&h=630&w=1200&blend=https%3A%2F%2Funsplash-assets.imgix.net%2Funsplashplus%2Fopen-graph-image.jpg%3Fh%3D630%26w%3D1200%26txt%3DDiscover%2BUnsplash%252B%26txt-size%3D92%26txt-align%3Dmiddle%252Ccenter%26txt-color%3D%2523fff%26txt-font%3DHelvetica%2BNeue%252CBold%26auto%3Dformat%26fit%3Dcrop%26q%3D60&auto=format&fit=crop&q=60
unknown,,Annie Spratt (@anniespratt) | Unsplash Photo Community,https://images.unsplash.com/opengraph/1x1.png?mark=https%3A%2F%2Fimages.unsplash.com%2Fopengraph%2Flogo.png&mark-w=64&mark-align=top%2Cleft&mark-pad=50&h=630&w=1200&blend-w=1&blend=https%3A%2F%2Fimages.unsplash.com%2Fopengraph%2F1x1.png%3Fh%3D630%26w%3D1200%26txt%3DAnnie%2BSpratt%26txt-size%3D64%26txt-y%3D400%26fm%3Dpng%26txt-align%3Dcenter%26txt-color%3D%2523fff%26txt-font%3DHelvetica%2BNeue%252CBold%26blend%3Dhttps%253A%252F%252Fimages.unsplash.com%252Fphoto-1446071103084-c257b5f70672%253Fh%253D630%2526w%253D1200%2526crop%253Dfaces%25252Cedges%2526blend-mode%253Dnormal%2526blend-y%253D190%2526blend%253Dhttps%25253A%25252F%25252Fimages.unsplash.com%25252Fprofile-1648828806223-1852f704c58aimage%25253Fcrop%25253Dfaces%252526w%25253D160%252526h%25253D160%252526mask%25253Dellipse%252526fm%25253Dpng%252526auto%25253Dformat%252526fit%25253Dcrop%252526q%25253D60%252526ixlib%25253Drb-4.0.3%2526auto%253Dformat%2526fit%253Dcrop%2526q%253D60%2526ixlib%253Drb-4.0.3%26auto%3Dformat%26fit%3Dcrop%26q%3D60&auto=format&fit=crop&q=60
grayscale-photography-of-sand-jmUAwCkB2X8,,Photo by Adrien Olichon on Unsplash,https://images.unsplash.com/photo-1547138666-12a241be3c2d?mark=https%3A%2F%2Fimages.unsplash.com%2Fopengraph%2Flogo.png&mark-w=64&mark-align=top%2Cleft&mark-pad=50&h=630&w=1200&crop=faces%2Cedges&blend-w=1&blend=000000&blend-mode=normal&blend-alpha=10&auto=format&fit=crop&q=60&ixid=M3wxMjA3fDB8MXxhbGx8fHx8fHx8fHwxNzQyODIyOTg5fA&ixlib=rb-4.0.3
a-black-and-white-photo-of-a-forest-iVaSJ7xtviU,,Photo by Davey Gravy on Unsplash,https://plus.unsplash.com/premium_photo-1673240159078-5b644ac78ede?mark=https%3A%2F%2Fimages.unsplash.com%2Fopengraph%2Flogo.png&mark-w=64&mark-align=top%2Cleft&mark-pad=50&h=630&w=1200&crop=faces%2Cedges&blend-w=1&blend=000000&blend-mode=normal&blend-alpha=10&auto=format&fit=crop&q=60&ixid=M3wxMjA3fDB8MXxhbGx8fHx8fHx8fHwxNzQyODIyNzQ1fA&ixlib=rb-4.0.3
unknown,,Davey Gravy (@davey_gravy) | Unsplash Photo Community,https://images.unsplash.com/opengraph/1x1.png?mark=https%3A%2F%2Fimages.unsplash.com%2Fopengraph%2Flogo.png&mark-w=64&mark-align=top%2Cleft&mark-pad=50&h=630&w=1200&blend-w=1&blend=https%3A%2F%2Fimages.unsplash.com%2Fopengraph%2F1x1.png%3Fh%3D630%26w%3D1200%26txt%3DDavey%2BGravy%26txt-size%3D64%26txt-y%3D400%26fm%3Dpng%26txt-align%3Dcenter%26txt-color%3D%2523fff%26txt-font%3DHelvetica%2BNeue%252CBold%26blend%3Dhttps%253A%252F%252Fimages.unsplash.com%252Fphoto-1611765083444-a3ce30f1c885%253Fh%253D630%2526w%253D1200%2526crop%253Dfaces%25252Cedges%2526blend-mode%253Dnormal%2526blend-y%253D190%2526blend%253Dhttps%25253A%25252F%25252Fimages.unsplash.com%25252Fprofile-fb-1611593081-85b097679949.jpg%25253Fcrop%25253Dfaces%252526w%25253D160%252526h%25253D160%252526mask%25253Dellipse%252526fm%25253Dpng%252526auto%25253Dformat%252526fit%25253Dcrop%252526q%25253D60%252526ixlib%25253Drb-4.0.3%2526auto%253Dformat%2526fit%253Dcrop%2526q%253D60%2526ixlib%253Drb-4.0.3%26auto%3Dformat%26fit%3Dcrop%26q%3D60&auto=format&fit=crop&q=60
unknown,,Elijah Crouch (@elijahbcrouch) | Unsplash Photo Community,https://images.unsplash.com/opengraph/1x1.png?mark=https%3A%2F%2Fimages.unsplash.com%2Fopengraph%2Flogo.png&mark-w=64&mark-align=top%2Cleft&mark-pad=50&h=630&w=1200&blend-w=1&blend=https%3A%2F%2Fimages.unsplash.com%2Fopengraph%2F1x1.png%3Fh%3D630%26w%3D1200%26txt%3DElijah%2BCrouch%26txt-size%3D64%26txt-y%3D400%26fm%3Dpng%26txt-align%3Dcenter%26txt-color%3D%2523fff%26txt-font%3DHelvetica%2BNeue%252CBold%26blend%3Dhttps%253A%252F%252Fimages.unsplash.com%252Fphoto-1741990417513-81d6d95b5bbb%253Fh%253D630%2526w%253D1200%2526crop%253Dfaces%25252Cedges%2526blend-mode%253Dnormal%2526blend-y%253D190%2526blend%253Dhttps%25253A%25252F%25252Fimages.unsplash.com%25252Fprofile-1741790283074-64038e2664c3image%25253Fcrop%25253Dfaces%252526w%25253D160%252526h%25253D160%252526mask%25253Dellipse%252526fm%25253Dpng%252526auto%25253Dformat%252526fit%25253Dcrop%252526q%25253D60%252526ixlib%25253Drb-4.0.3%2526auto%253Dformat%2526fit%253Dcrop%2526q%253D60%2526ixlib%253Drb-4.0.3%26auto%3Dformat%26fit%3Dcrop%26q%3D60&auto=format&fit=crop&q=60
unknown,,Adrien Olichon (@adrienolichon) | Unsplash Photo Community,https://images.unsplash.com/opengraph/1x1.png?mark=https%3A%2F%2Fimages.unsplash.com%2Fopengraph%2Flogo.png&mark-w=64&mark-align=top%2Cleft&mark-pad=50&h=630&w=1200&blend-w=1&blend=https%3A%2F%2Fimages.unsplash.com%2Fopengraph%2F1x1.png%3Fh%3D630%26w%3D1200%26txt%3DAdrien%2BOlichon%26txt-size%3D64%26txt-y%3D400%26fm%3Dpng%26txt-align%3Dcenter%26txt-color%3D%2523fff%26txt-font%3DHelvetica%2BNeue%252CBold%26blend%3Dhttps%253A%252F%252Fimages.unsplash.com%252Fphoto-1533134486753-c833f0ed4866%253Fh%253D630%2526w%253D1200%2526crop%253Dfaces%25252Cedges%2526blend-mode%253Dnormal%2526blend-y%253D190%2526blend%253Dhttps%25253A%25252F%25252Fimages.unsplash.com%25252Fprofile-1708951292626-4a6969f0033dimage%25253Fcrop%25253Dfaces%252526w%25253D160%252526h%25253D160%252526mask%25253Dellipse%252526fm%25253Dpng%252526auto%25253Dformat%252526fit%25253Dcrop%252526q%25253D60%252526ixlib%25253Drb-4.0.3%2526auto%253Dformat%2526fit%253Dcrop%2526q%253D60%2526ixlib%253Drb-4.0.3%26auto%3Dformat%26fit%3Dcrop%26q%3D60&auto=format&fit=crop&q=60
unknown,,Upgrade to Unsplash+ | Unsplash,https://images.unsplash.com/opengraph/1x1.png?mark=https%3A%2F%2Fimages.unsplash.com%2Fopengraph%2Flogo.png&mark-w=64&mark-align=top%2Cleft&mark-pad=50&h=630&w=1200&blend=https%3A%2F%2Funsplash-assets.imgix.net%2Funsplashplus%2Fopen-graph-image.jpg%3Fh%3D630%26w%3D1200%26txt%3DDiscover%2BUnsplash%252B%26txt-size%3D92%26txt-align%3Dmiddle%252Ccenter%26txt-color%3D%2523fff%26txt-font%3DHelvetica%2BNeue%252CBold%26auto%3Dformat%26fit%3Dcrop%26q%3D60&auto=format&fit=crop&q=60
photography-of-tree-Jrl_UQcZqOc,,Photo by Fabrice Villard on Unsplash,https://images.unsplash.com/photo-1520262494112-9fe481d36ec3?mark=https%3A%2F%2Fimages.unsplash.com%2Fopengraph%2Flogo.png&mark-w=64&mark-align=top%2Cleft&mark-pad=50&h=630&w=1200&crop=faces%2Cedges&blend-w=1&blend=000000&blend-mode=normal&blend-alpha=10&auto=format&fit=crop&q=60&ixid=M3wxMjA3fDB8MXxhbGx8fHx8fHx8fHwxNzQyODE5ODI5fA&ixlib=rb-4.0.3
a-black-and-white-photo-of-a-body-of-water-GS4PpCgsd-o,,Photo by Kamran Abdullayev on Unsplash,https://plus.unsplash.com/premium_photo-1674406763863-b64be22c78a9?mark=https%3A%2F%2Fimages.unsplash.com%2Fopengraph%2Flogo.png&mark-w=64&mark-align=top%2Cleft&mark-pad=50&h=630&w=1200&crop=faces%2Cedges&blend-w=1&blend=000000&blend-mode=normal&blend-alpha=10&auto=format&fit=crop&q=60&ixid=M3wxMjA3fDB8MXxhbGx8fHx8fHx8fHwxNzQyODE4MTk4fA&ixlib=rb-4.0.3
unknown,,Richard Stachmann (@stachmann) | Unsplash Photo Community,https://images.unsplash.com/opengraph/1x1.png?mark=https%3A%2F%2Fimages.unsplash.com%2Fopengraph%2Flogo.png&mark-w=64&mark-align=top%2Cleft&mark-pad=50&h=630&w=1200&blend-w=1&blend=https%3A%2F%2Fimages.unsplash.com%2Fopengraph%2F1x1.png%3Fh%3D630%26w%3D1200%26txt%3DRichard%2BStachmann%26txt-size%3D64%26txt-y%3D400%26fm%3Dpng%26txt-align%3Dcenter%26txt-color%3D%2523fff%26txt-font%3DHelvetica%2BNeue%252CBold%26blend%3Dhttps%253A%252F%252Fimages.unsplash.com%252Fphoto-1701497972702-c5f3268e17a6%253Fh%253D630%2526w%253D1200%2526crop%253Dfaces%25252Cedges%2526blend-mode%253Dnormal%2526blend-y%253D190%2526blend%253Dhttps%25253A%25252F%25252Fimages.unsplash.com%25252Fprofile-fb-1661599666-081b04e75823.jpg%25253Fcrop%25253Dfaces%252526w%25253D160%252526h%25253D160%252526mask%25253Dellipse%252526fm%25253Dpng%252526auto%25253Dformat%252526fit%25253Dcrop%252526q%25253D60%252526ixlib%25253Drb-4.0.3%2526auto%253Dformat%2526fit%253Dcrop%2526q%253D60%2526ixlib%253Drb-4.0.3%26auto%3Dformat%26fit%3Dcrop%26q%3D60&auto=format&fit=crop&q=60
unknown,,Fabrice Villard (@fabulu75) | Unsplash Photo Community,https://images.unsplash.com/opengraph/1x1.png?mark=https%3A%2F%2Fimages.unsplash.com%2Fopengraph%2Flogo.png&mark-w=64&mark-align=top%2Cleft&mark-pad=50&h=630&w=1200&blend-w=1&blend=https%3A%2F%2Fimages.unsplash.com%2Fopengraph%2F1x1.png%3Fh%3D630%26w%3D1200%26txt%3DFabrice%2BVillard%26txt-size%3D64%26txt-y%3D400%26fm%3Dpng%26txt-align%3Dcenter%26txt-color%3D%2523fff%26txt-font%3DHelvetica%2BNeue%252CBold%26blend%3Dhttps%253A%252F%252Fimages.unsplash.com%252Fphoto-1520262454473-a1a82276a574%253Fh%253D630%2526w%253D1200%2526crop%253Dfaces%25252Cedges%2526blend-mode%253Dnormal%2526blend-y%253D190%2526blend%253Dhttps%25253A%25252F%25252Fimages.unsplash.com%25252Fprofile-1693320243153-17a28a4026edimage%25253Fcrop%25253Dfaces%252526w%25253D160%252526h%25253D160%252526mask%25253Dellipse%252526fm%25253Dpng%252526auto%25253Dformat%252526fit%25253Dcrop%252526q%25253D60%252526ixlib%25253Drb-4.0.3%2526auto%253Dformat%2526fit%253Dcrop%2526q%253D60%2526ixlib%253Drb-4.0.3%26auto%3Dformat%26fit%3Dcrop%26q%3D60&auto=format&fit=crop&q=60
